Verbrauch;Hersteller;CO₂-Emissionen2;Fahrzeughalter;Schadstoffklasse;Barzahlungspreis;Sitzplätze;Türen;Kilometerstand;Erstzulassung;HU;Leistung;Getriebe;Kraftstoff;Außenfarbe
8;Mercedes-Benz;212;3;3;7790;5;4;227824;01.02.2002;Neu;90;Schaltgetriebe;Diesel;Silber
10,9;Mercedes-Benz;262;1;4;11490;5;4;97000;01.07.2002;Neu;130;Automatik;Benzin;Silber
11,2;Audi;269;1;4;9790;4;2;150164;01.05.2004;Neu;162;Schaltgetriebe;Benzin;Schwarz
10,4;Opel;251;2;3;6490;5;4;82522;01.06.2000;07/2024;155;Automatik;Benzin;Grau
7;BMW;170;3;4;2499;5;2;171500;01.11.2003;03/2025;85;Schaltgetriebe;Benzin;Silber
7,6;MG;182;2;3;7999;2;2;80000;01.02.2001;07/2024;88;Schaltgetriebe;Benzin;Grün
9,1;Mercedes-Benz;219;2;4;7250;5;4;70036;01.02.2003;Neu;120;Automatik;Benzin;Silber
11,5;Opel;276;2;3;5950;5;4;68777;01.12.2001;Neu;132;Automatik;Benzin;Silber
7,9;BMW;188;3;4;5999;4;2;85000;01.12.2000;Neu;87;Schaltgetriebe;Benzin;Schwarz
7,4;BMW;178;2;4;5895;5;4;163147;01.10.2005;11/2024;110;Schaltgetriebe;Benzin;Grau
8,7;Mercedes-Benz;209;3;4;4890;5;4;108300;01.12.2002;Neu;105;Schaltgetriebe;Benzin;Silber
9,2;Mercedes-Benz;221;2;4;10500;2;2;65000;01.04.2004;Neu;120;Automatik;Benzin;Silber
9,8;Volkswagen;265;2;3;11900;2;4;214956;01.05.2005;Neu;96;Schaltgetriebe;Diesel;Orange
9,5;Opel;228;2;4;4790;7;4;166789;01.11.2003;Neu;108;Automatik;Benzin;Silber
10;Hyundai;237;2;4;8490;5;4;67000;01.10.2005;Neu;129;Automatik;Benzin;Schwarz
8,1;Audi;194;2;4;9990;5;4;93900;01.06.2001;07/2024;96;Automatik;Benzin;Blau
8,3;Audi;197;5;4;6990;2;2;165550;01.03.2004;Neu;110;Schaltgetriebe;Benzin;Silber
6;Volkswagen;142;1;4;3850;5;4;78000;01.12.2003;04/2025;40;Schaltgetriebe;Benzin;Silber
8,1;Skoda;194;2;4;1790;5;5;210000;01.09.2004;10/2023;85;Schaltgetriebe;Benzin;Beige
9,1;Saab;217;2;4;14990;4;2;175942;01.05.2000;Neu;169;Automatik;Benzin;Schwarz
6,8;Audi;161;4;4;2199;5;5;248000;01.06.2001;07/2025;75;Schaltgetriebe;Benzin;Blau
7,2;Toyota;172;1;4;6770;5;5;47541;01.02.2005;02/2024;95;Schaltgetriebe;Benzin;Silber
10,2;Citroen;241;2;3;5790;5;4;100828;01.04.2003;04/2024;152;Automatik;Benzin;Silber
8,1;BMW;216;2;3;7980;5;4;141200;01.03.2003;Neu;120;Automatik;Diesel;Silber
6,6;Mercedes-Benz;157;2;4;4999;5;2;98000;01.03.2005;Neu;85;Schaltgetriebe;Benzin;Grau
5,5;Opel;132;2;4;6190;5;2;17435;01.05.2005;06/2024;59;Automatik;Benzin;Silber
9,6;Renault;180;2;4;6890;5;4;55500;01.11.2002;Neu;79;Schaltgetriebe;Benzin;Rot
10,1;Volvo;242;1;3;4990;5;4;229857;01.02.2003;Neu;132;Automatik;Benzin;Silber
6;Skoda;144;1;4;3999;5;4;90000;01.11.2005;Neu;40;Schaltgetriebe;Benzin;Grau
8,8;Mercedes-Benz;209;2;4;6590;5;4;146000;01.08.2005;08/2024;105;Schaltgetriebe;Benzin;Silber
5,5;Renault;147;2;3;2000;2;4;181000;01.09.2004;06/2023;48;Schaltgetriebe;Diesel;Weiß
9,1;Mercedes-Benz;218;2;4;12990;2;2;59000;01.08.2005;07/2024;120;Schaltgetriebe;Benzin;Silber
6,4;SEAT;172;2;4;3890;5;5;318000;01.11.2004;Neu;103;Automatik;Diesel;Schwarz
5,7;Fiat;136;2;4;1499;5;2;186000;01.09.2000;04/2024;44;Schaltgetriebe;Benzin;Schwarz
6;Toyota;158;2;3;2950;5;5;283500;01.05.2004;Neu;85;Schaltgetriebe;Diesel;Silber
5,1;smart;121;3;4;6990;2;2;144000;01.05.2004;Neu;60;Automatik;Benzin;Silber
10;Volkswagen;0;2;4;1990;7;5;275875;01.03.2002;10/2022;85;Schaltgetriebe;Benzin;Schwarz
6,1;Citroen;145;1;4;4999;5;4;67616;01.07.2004;Neu;54;Schaltgetriebe;Benzin;Silber
6,7;Suzuki;162;5;3;1250;4;5;230000;01.09.2001;02/2024;56;Schaltgetriebe;Benzin;Silber
7,2;Mercedes-Benz;171;2;4;6790;5;4;91000;01.04.2005;05/2024;70;Automatik;Benzin;Silber
6,3;Opel;151;1;4;3200;5;3;46000;01.02.2002;02/2025;55;Automatik;Benzin;Silber
6,9;Chrysler;185;3;3;1680;5;5;353000;01.02.2003;10/2024;89;Schaltgetriebe;Diesel;Silber
6,3;Volkswagen;151;3;4;3250;5;2;85000;01.10.2004;Neu;40;Schaltgetriebe;Benzin;Rot
11,2;BMW;271;1;4;10999;5;4;143000;01.01.2005;06/2025;200;Automatik;Benzin;Schwarz
11,6;BMW;280;2;4;7000;5;4;114160;01.02.2002;Neu;245;Automatik;Benzin;Grün
13;Lexus;311;3;3;3990;5;5;213000;01.02.2001;05/2024;148;Automatik;Benzin;Schwarz
10,1;Mercedes-Benz;242;2;4;11999;2;2;148000;01.02.2005;04/2025;200;Automatik;Benzin;Silber
9,8;Volkswagen;265;2;3;11900;2;4;214956;01.05.2005;Neu;96;Schaltgetriebe;Diesel;Orange
8;Mazda;192;1;3;2400;5;4;149000;01.02.2003;01/2024;104;Automatik;Benzin;Silber
6,7;Nissan;160;2;4;1300;5;4;155280;01.03.2003;08/2023;72;Schaltgetriebe;Benzin;Silber
8,4;Volkswagen;199;3;4;13850;5;2;122000;01.10.2002;Neu;310;Schaltgetriebe;Benzin;Schwarz
11,5;BMW;279;3;4;12950;4;2;211200;01.03.2005;Neu;245;Automatik;Benzin;Silber
9,1;Ford;218;2;4;6950;5;2;54100;01.06.2004;04/2025;127;Schaltgetriebe;Benzin;Blau
8,4;BMW;224;1;4;9750;5;5;137960;01.09.2004;08/2025;150;Schaltgetriebe;Diesel;Blau
9,1;Mercedes-Benz;218;4;4;8995;2;2;166915;01.01.2005;Neu;120;Schaltgetriebe;Benzin;Blau
9,7;Mercedes-Benz;233;2;4;7690;2;2;92000;01.03.2003;Neu;145;Schaltgetriebe;Benzin;Grau
8,6;MINI;207;2;4;5950;4;3;147000;01.09.2005;Neu;125;Schaltgetriebe;Benzin;Grau
8,3;Subaru;166;2;5;7950;5;5;130900;01.10.2004;12/2025;121;Schaltgetriebe;Benzin;Grün
10,5;Mitsubishi;278;3;4;3550;7;5;206064;01.11.2003;04/2023;118;Automatik;Diesel;Blau
8,4;Opel;199;1;4;5799;5;5;122000;01.07.2005;Neu;92;Automatik;Benzin;Grau
6,9;BMW;164;5;4;3580;5;3;129657;01.05.2004;Neu;85;Schaltgetriebe;Benzin;Silber
7,1;Mercedes-Benz;179;3;4;7950;5;4;128685;01.04.2005;06/2025;110;Automatik;Diesel;Silber
9,6;Volvo;229;1;4;5950;5;4;179000;01.03.2003;04/2025;103;Automatik;Benzin;Schwarz
8,1;Audi;194;3;4;1900;5;5;107900;01.10.2000;03/2024;75;Schaltgetriebe;Benzin;Blau
7;BMW;170;3;4;3750;5;2;115000;01.07.2004;Neu;85;Schaltgetriebe;Benzin;Silber
13;Chrysler;307;5;4;14999;5;4;241000;01.02.2005;03/2025;250;Automatik;Benzin;Schwarz
3;Volkswagen;81;2;3;10590;4;2;55500;01.06.2002;Neu;45;Automatik;Diesel;Silber
5,7;Volvo;153;3;3;1989;5;5;442058;01.07.2004;08/2025;100;Schaltgetriebe;Diesel;Grün
7,5;BMW;179;2;4;4450;5;4;214000;01.12.2005;Neu;85;Schaltgetriebe;Benzin;Blau
6,8;Renault;163;4;4;1100;5;5;180530;01.12.2004;11/2023;65;Schaltgetriebe;Benzin;Blau
7,1;Mercedes-Benz;171;2;4;6666;5;5;73272;01.11.2005;09/2025;70;Automatik;Benzin;Blau
6,7;Skoda;161;2;4;2695;5;4;230000;01.12.2005;Neu;55;Schaltgetriebe;Benzin;Grün
6,9;Mercedes-Benz;183;1;4;6255;5;4;272000;01.05.2004;05/2025;150;Automatik;Diesel;Silber
7,2;Mercedes-Benz;172;3;4;3700;5;3;138450;01.12.2005;Neu;100;Schaltgetriebe;Benzin;Silber
7,1;Volkswagen;170;6;4;4950;4;2;150000;01.03.2003;Neu;55;Schaltgetriebe;Benzin;Rot
5,5;Hyundai;131;1;4;2400;4;5;139331;01.10.2005;Neu;46;Schaltgetriebe;Benzin;Silber
4,5;Mazda;119;1;3;3450;5;4;158000;01.12.2004;Neu;50;Schaltgetriebe;Diesel;Blau
6,5;Opel;156;3;4;1390;4;5;160000;01.11.2001;Neu;55;Schaltgetriebe;Benzin;Blau
7,5;Renault;177;2;4;5890;5;4;46224;01.01.2003;Neu;70;Schaltgetriebe;Benzin;Grau
7,9;Volkswagen;213;4;4;12900;7;4;306000;01.06.2001;07/2024;75;Schaltgetriebe;Diesel;Blau
7,7;Citroen;187;4;3;1200;5;5;138418;01.02.2005;10/2025;85;Schaltgetriebe;Benzin;Grau
8;Mercedes-Benz;191;3;4;2790;4;3;195000;01.07.2004;Neu;105;Automatik;Benzin;Silber
5,4;Volkswagen;143;2;4;2901;5;5;514000;01.04.2004;04/2025;77;Schaltgetriebe;Diesel;Blau
7,4;BMW;178;2;4;5900;5;4;119263;01.08.2005;08/2024;110;Schaltgetriebe;Benzin;Schwarz
10,6;Volkswagen;286;3;4;7500;5;4;159000;01.02.2005;07/2025;128;Automatik;Diesel;Schwarz
11,1;Mercedes-Benz;266;2;4;13000;5;4;71280;01.09.2003;07/2025;180;Automatik;Benzin;Schwarz
10;Audi;240;3;4;2950;5;4;239852;01.08.2005;07/2024;130;Automatik;Benzin;Schwarz
10,9;Mercedes-Benz;262;3;4;5900;5;4;118000;01.06.2002;Neu;130;Automatik;Benzin;Blau
9,7;BMW;230;2;3;9850;5;4;57000;01.02.2000;01/2025;125;Schaltgetriebe;Benzin;Blau
9;BMW;219;3;4;6400;5;4;172610;01.03.2004;Neu;125;Schaltgetriebe;Benzin;Schwarz
7,2;Audi;197;1;4;8990;2;2;218000;01.08.2002;Neu;132;Schaltgetriebe;Benzin;Schwarz
7,6;Volkswagen;180;1;4;2150;5;5;130000;01.01.2001;10/2025;77;Schaltgetriebe;Benzin;Blau
8,9;Mercedes-Benz;214;2;4;11999;4;2;41180;01.01.2005;04/2025;120;Automatik;Benzin;Silber
8,4;Volkswagen;201;1;4;4450;5;4;117000;01.03.2001;04/2024;75;Automatik;Benzin;Schwarz
9,5;Toyota;252;1;4;13990;5;4;236445;01.08.2004;Neu;120;Schaltgetriebe;Diesel;Blau
11,3;Renault;266;1;3;7900;5;2;160000;01.03.2002;03/2025;152;Schaltgetriebe;Benzin;Violett
10,8;Mercedes-Benz;260;1;3;3799;5;4;130700;01.06.2001;Neu;160;Automatik;Benzin;Silber
7,9;BMW;188;2;4;4990;5;2;172000;01.07.2000;Neu;87;Schaltgetriebe;Benzin;Grün
9,4;Mercedes-Benz;225;1;4;2999;4;3;134000;01.10.2001;Neu;95;Schaltgetriebe;Benzin;Silber
7,7;Audi;185;2;4;3999;5;4;146000;01.05.2003;Neu;75;Schaltgetriebe;Benzin;Blau
8,8;Mercedes-Benz;211;5;4;6900;4;2;165000;01.05.2003;Neu;120;Schaltgetriebe;Benzin;Schwarz
10,9;Volkswagen;294;1;4;12507;5;5;190683;01.02.2010;Neu;165;Automatik;Diesel;Schwarz
7,1;BMW;170;5;4;12900;4;2;129400;01.05.2008;Neu;160;Schaltgetriebe;Benzin;Bronze
6,9;Volvo;183;1;5;12990;5;5;129876;01.08.2010;01/2025;151;Automatik;Diesel;Grau
6,6;Volkswagen;154;2;4;8450;5;4;134000;01.05.2009;Neu;90;Automatik;Benzin;Blau
6,5;Abarth;151;2;5;9000;4;2;109551;01.03.2011;04/2024;103;Automatik;Benzin;Grau
13,3;Mercedes-Benz;317;4;4;8690;6;5;157760;01.02.2008;04/2024;225;Automatik;Benzin;Silber
6,8;Audi;179;3;4;14490;5;4;125000;01.04.2010;Neu;125;Automatik;Diesel;Grau
10,2;Volvo;237;2;5;14980;5;4;145600;01.01.2011;Neu;224;Automatik;Benzin;Schwarz
13,1;Volkswagen;310;2;4;9890;5;4;159800;01.07.2006;Neu;246;Automatik;Benzin;Schwarz
7,1;BMW;165;4;4;10999;4;2;95000;01.05.2008;Neu;105;Automatik;Benzin;Grau
9,6;Mercedes-Benz;254;1;4;11990;5;4;197200;01.10.2008;02/2024;140;Automatik;Diesel;Schwarz
7,9;Mercedes-Benz;184;2;5;11999;5;4;215643;01.06.2010;Neu;135;Automatik;Benzin;Schwarz
7,3;Volkswagen;170;2;5;11490;5;3;134827;01.04.2010;Neu;155;Schaltgetriebe;Benzin;Blau
6,7;Audi;175;2;4;10990;5;4;196500;01.02.2009;05/2024;125;Schaltgetriebe;Diesel;Schwarz
7,6;Mercedes-Benz;182;2;4;11590;5;4;57000;01.07.2008;Neu;115;Schaltgetriebe;Benzin;Silber
7,2;Hyundai;189;2;5;11450;5;4;128000;01.10.2011;07/2024;135;Automatik;Diesel;Grau
6,9;Kia;132;1;5;11330;5;4;30;01.12.2011;Neu;80;Schaltgetriebe;Benzin;Schwarz
5,1;BMW;135;5;5;5490;5;5;248750;01.11.2009;05/2024;150;Schaltgetriebe;Sonstige;Grau
8,9;Ford;255;2;4;13990;2;2;76650;01.07.2011;08/2025;105;Schaltgetriebe;Diesel;Grün
6,9;BMW;150;4;4;8480;4;4;118400;01.08.2007;Neu;125;Automatik;Benzin;Schwarz
8,1;Nissan;216;3;4;6490;5;4;136000;01.05.2008;09/2025;110;Automatik;Diesel;Schwarz
7,1;Mercedes-Benz;187;2;4;13490;5;4;134180;01.03.2007;Neu;125;Automatik;Diesel;Silber
10,7;Mercedes-Benz;254;1;4;8880;5;5;294000;01.07.2010;06/2025;200;Automatik;Benzin;Weiß
8,5;Volkswagen;230;2;5;11999;7;4;295000;01.01.2007;Neu;96;Schaltgetriebe;Diesel;Silber
5,9;BMW;157;1;5;9750;5;4;167700;01.11.2009;Neu;150;Schaltgetriebe;Diesel;Weiß
7,4;Volkswagen;173;1;5;9400;5;5;209110;01.03.2010;06/2025;155;Automatik;Benzin;Schwarz
5,7;MINI;135;1;5;6999;4;2;109600;01.09.2010;Neu;72;Schaltgetriebe;Benzin;Rot
7,6;Volkswagen;180;2;4;10600;5;4;92500;01.05.2010;Neu;118;Schaltgetriebe;Benzin;Braun
9,4;Jeep;250;3;4;11990;5;5;150000;01.06.2010;05/2024;130;Automatik;Diesel;Silber
7;Nissan;166;2;5;7990;5;4;112339;01.03.2011;Neu;81;Automatik;Benzin;Silber
5,5;Toyota;130;3;5;8990;5;4;69000;01.11.2011;Neu;73;Automatik;Benzin;Grau
6,8;Audi;179;3;4;14990;5;4;125000;01.04.2010;Neu;125;Automatik;Diesel;Grau
6,6;Kia;156;2;4;6450;5;4;113000;01.07.2010;08/2025;93;Schaltgetriebe;Benzin;Gold
12,9;Volkswagen;298;2;5;13980;5;4;192200;01.03.2010;Neu;246;Automatik;Benzin;Schwarz
8,5;Hyundai;225;2;5;11800;8;4;204876;01.03.2011;08/2025;125;Schaltgetriebe;Diesel;Schwarz
7,2;Audi;171;3;5;9989;5;4;166000;01.12.2010;05/2025;88;Schaltgetriebe;Benzin;Braun
6;Ford;138;3;5;9980;5;4;78635;01.06.2011;Neu;134;Schaltgetriebe;Benzin;Blau
5,5;Citroen;145;1;4;7999;7;4;110000;01.09.2008;Neu;80;Schaltgetriebe;Diesel;Silber
8,5;BMW;205;1;4;6590;5;4;200000;01.12.2006;02/2024;130;Schaltgetriebe;Benzin;Silber
9,7;Mercedes-Benz;232;3;4;8990;5;4;136000;01.06.2006;Neu;170;Automatik;Benzin;Grau
6,5;Peugeot;155;3;4;4850;4;2;79600;01.09.2008;02/2024;88;Schaltgetriebe;Benzin;Grau
11,9;Volkswagen;314;2;4;9500;6;4;238000;01.03.2008;Neu;80;Schaltgetriebe;Diesel;Blau
6,9;Nissan;159;3;5;7990;5;4;182125;01.07.2011;Neu;140;Schaltgetriebe;Benzin;Schwarz
6,3;BMW;147;2;5;12990;5;5;99941;01.06.2011;Neu;105;Automatik;Benzin;Silber
10;Mercedes-Benz;239;3;4;6490;4;2;220708;01.03.2006;Neu;170;Automatik;Benzin;Silber
8,2;Volvo;215;2;5;14450;7;5;293143;01.11.2011;11/2024;147;Automatik;Diesel;Schwarz
4,3;Audi;114;2;5;11480;4;2;113000;01.03.2010;Neu;77;Schaltgetriebe;Diesel;Schwarz
4,7;Citroen;125;3;4;5990;4;2;85000;01.01.2009;Neu;50;Schaltgetriebe;Diesel;Violett
8;Honda;185;2;5;12999;5;4;70000;01.03.2011;07/2025;115;Automatik;Benzin;Rot
7;Mazda;178;2;5;12890;5;5;60130;01.09.2010;Neu;114;Automatik;Benzin;Blau
6,4;Citroen;152;3;5;9990;5;2;117000;01.07.2011;Neu;152;Schaltgetriebe;Benzin;Weiß
7,9;Volkswagen;188;3;4;9995;5;5;160700;01.11.2008;11/2023;132;Schaltgetriebe;Benzin;Schwarz
8,5;Ford;224;3;4;5990;2;4;420000;01.11.2008;Neu;103;Schaltgetriebe;Diesel;Blau
6,7;Opel;161;3;5;3750;5;2;114000;01.09.2008;03/2025;85;Schaltgetriebe;Benzin;Grau
5,3;Volkswagen;124;3;5;8699;5;5;89781;01.02.2011;Neu;77;Schaltgetriebe;Benzin;Silber
7;Opel;168;2;4;4999;4;2;110000;01.04.2007;09/2024;77;Schaltgetriebe;Benzin;Grau
5,1;Audi;121;4;5;7999;4;3;116000;01.11.2011;10/2025;63;Schaltgetriebe;Benzin;Schwarz
5,3;Audi;123;1;5;11490;5;5;122000;01.07.2011;Neu;77;Automatik;Benzin;Grau
7,6;Renault;178;1;4;5980;5;3;179312;01.04.2009;Neu;132;Schaltgetriebe;Benzin;Schwarz
7,1;Ford;168;3;5;2499;5;4;194000;01.12.2008;07/2024;107;Schaltgetriebe;Benzin;Silber
11,3;Volkswagen;299;2;4;12500;2;4;185000;01.04.2009;Neu;100;Automatik;Diesel;Rot
9,9;Volkswagen;234;1;4;13990;5;5;94849;01.03.2009;Neu;125;Automatik;Benzin;Silber
9,4;Audi;219;3;4;12950;5;5;224000;01.09.2008;03/2024;195;Automatik;Benzin;Blau
5;Volvo;133;2;4;8990;5;4;150000;01.05.2009;08/2024;80;Schaltgetriebe;Diesel;Weiß
5,8;BMW;134;1;5;10860;5;5;161273;01.10.2010;11/2024;135;Automatik;Diesel;Blau
7;Kia;166;2;4;4699;5;5;188000;01.10.2007;03/2025;90;Automatik;Benzin;Bronze
4,5;Toyota;119;1;4;8490;5;4;81784;01.11.2009;Neu;66;Automatik;Diesel;Blau
7,2;Mercedes-Benz;171;2;5;4499;5;4;137000;01.07.2009;08/2024;70;Schaltgetriebe;Benzin;Silber
6,6;BMW;153;1;5;8980;5;4;126700;01.06.2011;Neu;125;Schaltgetriebe;Benzin;Silber
8,2;Volvo;217;4;4;8450;7;5;319700;01.11.2008;06/2024;136;Schaltgetriebe;Diesel;Schwarz
6;Mercedes-Benz;156;3;5;10890;5;4;229700;01.07.2011;04/2024;100;Schaltgetriebe;Diesel;Schwarz
6,3;Renault;145;3;5;3900;2;2;125500;01.11.2011;09/2024;74;Schaltgetriebe;Benzin;Schwarz
6,5;Volkswagen;152;1;5;7999;5;4;86000;01.10.2010;07/2025;90;Schaltgetriebe;Benzin;Rot
5,4;Nissan;125;2;5;7950;5;4;83526;01.10.2011;12/2024;59;Automatik;Benzin;Schwarz
7,7;Honda;182;1;4;8995;5;4;80000;01.11.2006;11/2023;114;Schaltgetriebe;Benzin;Rot
5,7;Skoda;135;1;5;4490;5;4;198000;01.04.2011;08/2024;77;Schaltgetriebe;Benzin;Braun
6,5;Peugeot;155;2;5;3499;4;2;124000;01.06.2010;12/2024;88;Schaltgetriebe;Benzin;Grau
7,1;MINI;166;3;5;12980;4;5;97523;01.03.2010;Neu;128;Schaltgetriebe;Benzin;Braun
5,3;Peugeot;139;1;5;10990;4;2;107000;01.11.2011;Neu;120;Schaltgetriebe;Diesel;Grau
8,9;Chevrolet;217;3;4;6980;5;4;128900;01.07.2006;Neu;100;Schaltgetriebe;Gas;Silber
5,2;Volkswagen;137;2;4;2300;5;4;252000;01.11.2007;04/2023;77;Schaltgetriebe;Diesel;Blau
5,9;Mitsubishi;140;2;5;7750;5;4;141000;01.09.2011;Neu;86;Schaltgetriebe;Benzin;Schwarz
11,2;Volkswagen;270;1;5;13999;5;4;137789;01.05.2011;Neu;85;Schaltgetriebe;Benzin;Weiß
5,1;Chevrolet;121;2;5;5990;5;4;61198;01.07.2011;Neu;60;Schaltgetriebe;Benzin;Weiß
7,2;Mazda;171;3;4;5990;7;4;136000;01.05.2006;Neu;85;Schaltgetriebe;Benzin;Silber
6,3;Hyundai;150;2;4;6490;5;5;116190;01.01.2011;Neu;80;Schaltgetriebe;Benzin;Grau
7,6;Fiat;178;2;4;8499;5;5;42000;01.01.2007;Neu;57;Schaltgetriebe;Benzin;Schwarz
5,9;Renault;139;2;4;3999;5;3;48000;01.02.2007;02/2024;55;Schaltgetriebe;Benzin;Grau
6,7;Nissan;160;1;4;3740;5;5;89631;01.09.2006;Neu;72;Schaltgetriebe;Benzin;Silber
7,4;Mercedes-Benz;196;1;5;9990;2;4;214990;01.01.2011;Neu;100;Schaltgetriebe;Diesel;Gelb
6,1;Opel;145;1;4;2400;5;4;199000;01.07.2009;03/2024;59;Schaltgetriebe;Benzin;Schwarz
6,7;Ford;159;1;4;3999;5;5;162000;01.07.2008;Neu;74;Schaltgetriebe;Benzin;Weiß
4,6;Toyota;109;2;4;1795;4;3;228900;01.04.2009;05/2024;50;Schaltgetriebe;Benzin;Rot
11,2;Audi;267;2;4;5499;5;4;225000;01.01.2007;09/2022;257;Automatik;Benzin;Schwarz
4,5;Skoda;119;1;5;3799;5;4;350000;01.03.2011;02/2024;77;Schaltgetriebe;Diesel;Blau
7,4;Skoda;175;2;5;8450;5;4;93000;01.03.2009;Neu;75;Schaltgetriebe;Gas;Silber
7,5;Citroen;177;2;4;4999;5;4;109500;01.08.2007;11/2024;80;Schaltgetriebe;Benzin;Grau
5,9;Opel;138;2;5;8290;5;5;94812;01.12.2010;Neu;103;Schaltgetriebe;Benzin;Schwarz
5,8;Volvo;134;2;5;13850;5;5;137000;01.09.2011;Neu;110;Schaltgetriebe;Benzin;Rot
6,7;Skoda;161;3;4;1995;5;5;199960;01.09.2006;09/2023;55;Schaltgetriebe;Benzin;Schwarz
8;Hyundai;191;1;4;3980;5;5;124355;01.03.2006;Neu;76;Schaltgetriebe;Benzin;Schwarz
5,4;SEAT;128;2;5;3590;5;4;280000;01.10.2011;09/2023;77;Schaltgetriebe;Benzin;Weiß
9,9;Mercedes-Benz;262;1;4;10999;3;2;132000;01.02.2010;Neu;70;Schaltgetriebe;Diesel;Grün
4,4;Toyota;99;1;4;6490;4;3;58400;01.11.2009;Neu;50;Schaltgetriebe;Benzin;Weiß
4,3;Suzuki;99;1;5;4390;4;5;77800;01.02.2011;Neu;50;Schaltgetriebe;Benzin;Schwarz
4,4;Nissan;103;2;5;4500;5;4;45000;01.06.2010;Neu;50;Schaltgetriebe;Benzin;Blau
5,3;Honda;126;2;5;7490;5;5;80583;01.08.2011;Neu;66;Schaltgetriebe;Benzin;Silber
8;Dacia;190;1;5;11980;5;5;48066;01.11.2011;Neu;77;Schaltgetriebe;Benzin;Grau
10,7;Kia;255;2;4;4950;7;4;128594;01.07.2007;Neu;139;Schaltgetriebe;Benzin;Silber
6,7;Renault;157;3;4;2980;5;4;159000;01.06.2006;09/2024;65;Schaltgetriebe;Benzin;Grau
5;Daihatsu;118;2;5;3750;5;4;111000;01.11.2009;Neu;51;Schaltgetriebe;Benzin;Silber
6,7;Mercedes-Benz;159;3;5;8990;5;4;83089;01.06.2010;Neu;70;Schaltgetriebe;Benzin;Grau
4,5;Skoda;119;1;5;8950;5;5;109900;01.02.2010;01/2025;77;Schaltgetriebe;Diesel;Beige
7,3;Dacia;173;2;5;5399;5;4;68000;01.08.2011;11/2024;62;Schaltgetriebe;Benzin;Rot
6,9;Skoda;164;4;4;8995;5;5;148000;01.03.2009;04/2024;77;Schaltgetriebe;Benzin;Rot
5,3;smart;127;2;4;4990;2;2;38000;01.07.2007;Neu;37;Automatik;Benzin;Weiß
4,9;Mercedes-Benz;128;3;5;5899;5;4;118000;01.07.2011;07/2024;80;Schaltgetriebe;Diesel;Silber
4,9;Mercedes-Benz;128;3;5;5899;5;4;118000;01.07.2011;07/2024;80;Schaltgetriebe;Diesel;Silber
5,8;Volkswagen;138;3;4;4890;5;4;101060;01.06.2008;10/2025;51;Schaltgetriebe;Benzin;Silber
4,6;Toyota;109;4;4;3895;4;3;134500;01.03.2009;10/2024;50;Schaltgetriebe;Benzin;Grau
7,8;Opel;187;1;5;4950;7;5;241460;01.07.2011;05/2024;103;Schaltgetriebe;Benzin;Grau
6,7;Mercedes-Benz;159;1;4;3890;5;5;130000;01.08.2008;Neu;70;Schaltgetriebe;Benzin;Silber
5,4;Fiat;127;2;5;6990;4;4;98000;01.05.2010;05/2025;44;Automatik;Benzin;Silber
7,7;Opel;138;4;4;1900;7;4;220000;01.12.2006;05/2023;69;Schaltgetriebe;Gas;Beige
6;Mazda;139;2;6;14999;5;4;128000;01.04.2016;Neu;121;Schaltgetriebe;Benzin;Blau
5,2;Audi;138;1;5;12990;5;5;112000;01.03.2012;Neu;103;Schaltgetriebe;Diesel;Grau
6;Fiat;139;2;6;12990;5;5;88214;01.03.2017;08/2024;81;Schaltgetriebe;Benzin;Weiß
4,9;BMW;130;4;5;9599;4;2;154638;01.01.2012;04/2025;105;Schaltgetriebe;Diesel;Schwarz
5,1;Volkswagen;134;3;5;11499;5;2;150882;01.04.2015;04/2024;103;Automatik;Diesel;Schwarz
6,4;Honda;152;2;5;14440;5;5;41785;01.10.2014;Neu;104;Schaltgetriebe;Benzin;Braun
5,7;BMW;135;2;6;9890;5;3;64500;01.06.2014;Neu;75;Schaltgetriebe;Benzin;Weiß
3,9;Volkswagen;101;2;6;12250;5;5;46000;01.10.2014;Neu;81;Schaltgetriebe;Diesel;Grau
4,5;Volvo;119;3;5;9850;5;5;192500;01.09.2013;Neu;100;Schaltgetriebe;Diesel;Weiß
5,3;Volvo;124;3;5;12440;5;4;57990;01.04.2013;Neu;110;Schaltgetriebe;Benzin;Grau
6,3;BMW;149;2;6;12999;5;4;165000;01.07.2013;04/2024;135;Schaltgetriebe;Benzin;Blau
5,5;Mercedes-Benz;130;2;6;12490;5;4;176800;01.10.2014;Neu;115;Schaltgetriebe;Benzin;Schwarz
5,3;Ford;129;2;5;12490;5;5;115230;01.06.2014;Neu;120;Schaltgetriebe;Diesel;Blau
6,1;Audi;145;1;5;14980;5;5;85628;01.03.2013;Neu;92;Schaltgetriebe;Benzin;Weiß
8,3;Suzuki;191;1;5;9995;5;4;139648;01.07.2012;Neu;131;Automatik;Benzin;Schwarz
5,8;Opel;153;2;6;13999;7;4;114262;01.05.2017;07/2025;125;Automatik;Diesel;Braun
4,9;Renault;129;2;6;13980;5;4;111931;01.09.2016;Neu;96;Schaltgetriebe;Diesel;Rot
6,8;Kia;153;2;6;11999;5;4;63803;01.11.2015;Neu;97;Schaltgetriebe;Benzin;Schwarz
4,8;Volkswagen;125;2;5;13990;5;4;125415;01.07.2012;10/2024;125;Schaltgetriebe;Diesel;Schwarz
5,8;Opel;153;2;6;13999;7;4;114262;01.05.2017;07/2025;125;Automatik;Diesel;Braun
4;Mazda;105;1;6;10999;5;5;160000;01.11.2015;Neu;77;Schaltgetriebe;Diesel;Schwarz
7,5;Hyundai;177;2;5;11980;5;5;80440;01.08.2012;Neu;120;Schaltgetriebe;Benzin;Schwarz
5,2;Volkswagen;121;2;6;14950;5;4;93686;01.11.2014;Neu;92;Automatik;Benzin;Schwarz
5,7;Audi;135;2;5;10990;5;4;193100;01.10.2012;Neu;125;Schaltgetriebe;Benzin;Blau
5,3;Audi;123;2;5;12890;5;5;105600;01.03.2013;12/2023;90;Schaltgetriebe;Benzin;Schwarz
4,3;Volvo;114;2;5;10999;5;4;185000;01.04.2015;01/2025;130;Automatik;Diesel;Blau
3,8;Volvo;99;2;6;14990;5;5;120405;01.03.2015;Neu;140;Schaltgetriebe;Diesel;Grau
6,6;BMW;156;3;5;14490;5;4;130450;01.08.2012;Neu;160;Automatik;Benzin;Schwarz
7,3;Hyundai;173;3;6;14850;5;3;81000;01.08.2015;Neu;137;Schaltgetriebe;Benzin;Schwarz
7,4;Volkswagen;173;1;5;14980;5;3;88498;01.04.2012;Neu;155;Automatik;Benzin;Rot
5,4;BMW;143;2;6;13600;5;5;187000;01.05.2016;Neu;160;Automatik;Diesel;Silber
5;Mercedes-Benz;132;2;5;14900;5;4;209600;01.09.2013;08/2025;125;Automatik;Diesel;Blau
5;Volkswagen;117;4;5;9200;5;4;125880;01.11.2013;12/2024;77;Schaltgetriebe;Benzin;Schwarz
5,5;BMW;144;2;5;14390;5;5;66086;01.01.2015;Neu;105;Schaltgetriebe;Diesel;Silber
5,1;Volkswagen;117;2;6;11990;5;5;96000;01.10.2015;Neu;81;Schaltgetriebe;Benzin;Rot
5,8;Mazda;135;1;6;10450;5;4;216000;01.12.2015;12/2024;121;Schaltgetriebe;Benzin;Rot
6,2;Ford;143;2;6d-TEMP;13490;5;5;59818;01.10.2015;Neu;110;Schaltgetriebe;Benzin;Schwarz
4,7;Renault;123;2;6;14990;7;4;137734;01.05.2015;Neu;118;Automatik;Diesel;Grau
5,3;Audi;123;2;5;13890;5;3;29274;01.10.2012;10/2025;77;Automatik;Benzin;Grau
8,6;Volkswagen;199;1;5;14949;5;5;77650;01.01.2013;05/2024;132;Automatik;Benzin;Grau
4;Audi;104;2;6;14200;4;3;93590;01.07.2016;Neu;66;Automatik;Diesel;Schwarz
5;Audi;133;2;5;11990;5;4;195400;01.03.2012;02/2025;130;Schaltgetriebe;Diesel;Grau
5,4;Skoda;125;2;5;13490;5;5;75000;01.02.2015;03/2024;90;Automatik;Benzin;Weiß
6,5;Ford;172;1;5;12490;7;5;139811;01.05.2013;Neu;103;Schaltgetriebe;Diesel;Braun
5,4;Mitsubishi;143;1;5;14990;5;4;142000;01.03.2015;Neu;110;Automatik;Diesel;Grau
7,9;BMW;184;1;5;13980;5;5;157694;01.07.2012;Neu;135;Schaltgetriebe;Benzin;Blau
6;Ford;239;2;6;14380;5;5;69918;01.12.2015;Neu;118;Schaltgetriebe;Benzin;Schwarz
5,4;Skoda;128;3;5;10230;5;4;90636;01.11.2013;Neu;77;Schaltgetriebe;Benzin;Weiß
7,9;BMW;185;2;5;13420;5;5;146000;01.04.2013;Neu;110;Automatik;Benzin;Grau
5,2;Volkswagen;120;1;6;14990;5;5;73890;01.05.2017;Neu;92;Schaltgetriebe;Benzin;Weiß
5,1;Mazda;121;1;5;13680;5;5;89500;01.10.2015;Neu;88;Schaltgetriebe;Benzin;Weiß
4,3;DSAutomobiles;110;2;6;12850;5;4;118000;01.10.2016;Neu;110;Schaltgetriebe;Diesel;Weiß
5;Volkswagen;116;1;5;13790;5;5;77000;01.05.2014;Neu;103;Automatik;Benzin;Weiß
5,8;MINI;136;2;5;11990;4;3;79910;01.04.2013;03/2023;135;Schaltgetriebe;Benzin;Grau
6,3;Kia;147;2;6;14990;5;5;67639;01.02.2016;02/2025;97;Schaltgetriebe;Benzin;Schwarz
5,8;Mitsubishi;137;1;5;12760;5;5;29130;01.09.2014;Neu;86;Schaltgetriebe;Benzin;Rot
6,5;Volkswagen;152;1;5;12980;5;5;89550;01.02.2014;Neu;90;Schaltgetriebe;Benzin;Grau
5,1;Audi;120;3;6;12490;4;3;100580;01.10.2015;Neu;92;Schaltgetriebe;Benzin;Schwarz
7,7;BMW;182;1;5;9900;5;5;182232;01.08.2012;Neu;110;Schaltgetriebe;Benzin;Braun
5,5;BMW;144;3;6;10990;5;4;272000;01.05.2014;05/2023;190;Automatik;Diesel;Braun
6,4;Opel;149;2;6;13290;4;2;75350;01.04.2016;03/2025;103;Schaltgetriebe;Benzin;Grau
5,9;Mazda;137;1;6;14670;5;5;81200;01.03.2017;Neu;88;Schaltgetriebe;Benzin;Weiß
5,9;BMW;134;2;6;8499;5;4;255000;01.06.2016;Neu;80;Schaltgetriebe;Benzin;Schwarz
3,5;Volkswagen;92;2;6;10991;5;4;123358;01.10.2015;10/2024;81;Schaltgetriebe;Diesel;Grau
4,8;BMW;127;2;5;12490;4;2;92813;01.05.2013;12/2023;105;Schaltgetriebe;Diesel;Rot
5,7;BMW;135;1;6;9999;5;2;60000;01.12.2013;05/2025;75;Schaltgetriebe;Benzin;Schwarz
4,2;Kia;99;1;5;4990;5;4;141112;01.11.2013;Neu;51;Schaltgetriebe;Benzin;Blau
4,6;Volkswagen;107;2;5;10898;5;4;91500;01.09.2013;09/2024;103;Schaltgetriebe;Benzin;Schwarz
5,1;BMW;135;1;6;11490;5;5;277727;01.07.2016;Neu;140;Automatik;Diesel;Blau
6,2;Mercedes-Benz;140;1;6;14950;5;4;64500;01.10.2017;10/2024;84;Schaltgetriebe;Benzin;Weiß
6,6;Opel;153;4;6;11390;5;5;77250;01.05.2016;Neu;85;Schaltgetriebe;Benzin;Schwarz
7;Volkswagen;152;2;5;14850;5;5;73500;01.03.2015;Neu;90;Schaltgetriebe;Benzin;Grau
4,9;Toyota;114;2;6;14909;5;5;21795;01.02.2017;Neu;73;Automatik;Benzin;Grau
4,8;Volkswagen;112;2;5;11865;5;5;119430;01.04.2014;Neu;77;Automatik;Benzin;Weiß
6,1;Volkswagen;139;4;6;12444;5;5;104000;01.12.2016;07/2025;62;Schaltgetriebe;Benzin;Rot
5,1;Audi;121;2;6;14450;5;2;92152;01.11.2014;Neu;92;Schaltgetriebe;Benzin;Silber
6,5;Volkswagen;152;2;5;11890;5;5;121500;01.09.2015;Neu;90;Schaltgetriebe;Benzin;Schwarz
5,8;Mitsubishi;152;1;6;14790;5;4;113492;01.10.2017;12/2024;110;Automatik;Diesel;Weiß
5,3;Nissan;139;2;5;14960;5;5;86000;01.08.2015;11/2024;96;Schaltgetriebe;Diesel;Weiß
5,5;Volkswagen;126;1;6;13990;5;5;133600;01.03.2015;Neu;110;Automatik;Benzin;Silber
4,9;BMW;130;3;5;9950;5;4;228500;01.03.2014;01/2024;105;Schaltgetriebe;Diesel;Blau
5,2;Audi;138;1;5;12490;5;4;187710;01.12.2012;12/2024;103;Schaltgetriebe;Diesel;Schwarz
4,1;BMW;109;1;6;12490;7;5;163420;01.01.2016;Neu;85;Schaltgetriebe;Diesel;Weiß
6,3;Hyundai;147;1;6;14895;5;5;97990;01.12.2016;12/2023;97;Schaltgetriebe;Benzin;Weiß
4;BMW;104;2;6;14636;5;4;121074;01.03.2016;04/2025;110;Schaltgetriebe;Diesel;Blau
4;Volkswagen;104;1;6;12999;5;5;92000;01.06.2014;03/2025;81;Automatik;Diesel;Blau
5,9;Mercedes-Benz;140;1;6;12490;5;5;143000;01.11.2013;10/2024;90;Automatik;Benzin;Schwarz
7,3;Mercedes-Benz;190;2;5;11499;5;4;187192;01.05.2013;03/2024;150;Automatik;Diesel;Schwarz
6,5;Volkswagen;152;2;5;13500;5;5;89900;01.02.2014;04/2023;90;Schaltgetriebe;Benzin;Schwarz
4,3;Ford;99;1;6;14990;5;3;5765;01.06.2017;Neu;92;Schaltgetriebe;Benzin;Silber
6,8;Hyundai;178;2;5;13890;5;4;219000;01.11.2014;03/2024;145;Automatik;Diesel;Blau
5,3;Audi;124;2;5;10900;5;2;102000;01.03.2014;Neu;90;Automatik;Benzin;Rot
4,4;SEAT;102;3;6;11490;5;5;99975;01.08.2016;Neu;81;Automatik;Benzin;Grau
5,3;Audi;126;1;5;9799;4;2;136000;01.12.2013;01/2024;90;Schaltgetriebe;Benzin;Braun
6;Volvo;142;2;5;12990;5;5;127212;01.04.2013;Neu;110;Schaltgetriebe;Benzin;Schwarz
5,2;Volvo;137;2;5;13490;5;4;169915;01.12.2013;12/2024;110;Automatik;Diesel;Schwarz
4,5;Peugeot;119;2;6;14999;5;4;172200;01.01.2015;Neu;132;Automatik;Diesel;Schwarz
6,1;Renault;162;2;5;14999;5;5;80211;01.02.2015;Neu;110;Schaltgetriebe;Diesel;Schwarz
6,4;Hyundai;148;3;6;13490;5;4;26180;01.03.2017;Neu;74;Automatik;Benzin;Grau
5,4;Audi;126;3;5;13450;4;5;70000;01.09.2014;Neu;90;Schaltgetriebe;Diesel;Silber
4,9;Fiat;115;2;6;11890;4;2;41200;01.04.2017;Neu;51;Schaltgetriebe;Benzin;Grau
5,2;MINI;122;2;6;10900;4;3;82100;01.10.2015;Neu;55;Schaltgetriebe;Benzin;Blau
4,9;Audi;114;2;6;10980;5;4;287300;01.03.2015;Neu;92;Automatik;Benzin;Grau
6,1;Kia;140;4;5;8950;5;5;90000;01.12.2014;Neu;99;Schaltgetriebe;Benzin;Weiß
5,9;Volkswagen;139;2;5;12990;5;2;104837;01.03.2014;Neu;77;Schaltgetriebe;Benzin;Schwarz
4,2;Kia;109;1;6;14200;5;5;105000;01.05.2016;Neu;100;Automatik;Diesel;Weiß
5,1;Volkswagen;134;4;5;13450;4;2;92030;01.03.2015;04/2024;103;Automatik;Diesel;Rot
4,6;Nissan;120;2;6;14980;5;5;95077;01.10.2016;10/2023;96;Schaltgetriebe;Diesel;Grau
4,2;Volvo;111;2;5;12450;5;5;159445;01.05.2014;Neu;84;Schaltgetriebe;Diesel;Blau
6,4;Volkswagen;149;1;5;9999;5;5;110000;01.08.2014;03/2024;90;Schaltgetriebe;Benzin;Silber
5,5;SEAT;146;2;5;9490;5;4;140000;01.02.2012;Neu;125;Schaltgetriebe;Diesel;Blau
4,7;Volkswagen;122;3;6;13990;5;4;118400;01.07.2015;Neu;110;Automatik;Diesel;Grau
5,9;Mitsubishi;140;2;5;8990;5;4;91067;01.05.2012;Neu;86;Schaltgetriebe;Benzin;Schwarz
5,2;Skoda;123;2;6;14880;5;5;87200;01.07.2016;Neu;110;Schaltgetriebe;Benzin;Schwarz
6,9;Mazda;164;4;5;10990;7;5;116000;01.01.2013;Neu;110;Schaltgetriebe;Benzin;Schwarz
5,2;Volkswagen;137;2;5;13559;4;4;199598;01.07.2012;Neu;125;Automatik;Diesel;Schwarz
5,4;Volkswagen;125;2;6;14850;5;5;47800;01.04.2016;05/2025;92;Schaltgetriebe;Benzin;Grau
7,7;Ford;182;1;5;12950;5;5;122650;01.04.2014;Neu;149;Schaltgetriebe;Benzin;Silber
5;Audi;132;2;5;12480;5;5;280000;01.04.2012;05/2025;130;Automatik;Diesel;Weiß
5;Opel;119;2;6;11499;4;2;60690;01.10.2017;03/2025;74;Schaltgetriebe;Benzin;Weiß
7,4;Nissan;175;5;5;13890;5;5;64671;01.07.2014;Neu;147;Automatik;Benzin;Schwarz
5,9;Volkswagen;137;1;5;13980;4;2;80000;01.03.2013;Neu;77;Automatik;Benzin;Blau
3,8;BMW;99;2;6;10990;5;5;163247;01.01.2017;Neu;85;Schaltgetriebe;Diesel;Weiß
4,1;BMW;109;2;5;12990;5;5;137142;01.09.2014;09/2025;105;Schaltgetriebe;Diesel;Weiß
5,2;Volkswagen;119;2;5;13890;5;5;69568;01.06.2014;Neu;103;Schaltgetriebe;Benzin;Grau
5,6;Mercedes-Benz;129;2;6;11999;5;4;150000;01.05.2015;Neu;90;Schaltgetriebe;Benzin;Silber
8,6;Toyota;204;2;5;13995;5;5;107500;01.06.2015;08/2024;108;Schaltgetriebe;Benzin;Schwarz
5,8;Hyundai;154;1;5;9480;5;5;171860;01.06.2014;06/2025;100;Schaltgetriebe;Diesel;Braun
8,6;Toyota;204;2;5;11000;5;4;149395;01.05.2013;Neu;108;Schaltgetriebe;Benzin;Grau
4,6;Ford;120;2;5;9499;5;5;99000;01.10.2013;02/2024;103;Schaltgetriebe;Diesel;Silber
5,2;Volkswagen;135;2;5;8980;5;5;210033;01.02.2013;07/2025;103;Automatik;Diesel;Schwarz
5,5;Mercedes-Benz;128;2;6;11790;5;5;109517;01.08.2013;11/2024;90;Schaltgetriebe;Benzin;Weiß
5,6;Nissan;129;2;5;13900;5;4;71320;01.03.2015;Neu;85;Schaltgetriebe;Benzin;Schwarz
6,1;Subaru;162;3;5;9999;5;5;168509;01.02.2012;01/2025;110;Schaltgetriebe;Diesel;Weiß
4,9;Ford;126;1;6;9990;5;4;228000;01.02.2017;02/2025;132;Automatik;Diesel;Silber
5,1;Mazda;119;2;6;14970;5;5;89417;01.08.2017;Neu;88;Schaltgetriebe;Benzin;Weiß
7,6;Ford;180;3;5;14930;5;5;120583;01.05.2013;Neu;176;Automatik;Benzin;Schwarz
3,5;MINI;93;2;6;12999;5;4;65000;01.11.2016;12/2023;70;Schaltgetriebe;Diesel;Weiß
4,2;Volkswagen;109;2;6;14680;5;5;137990;01.08.2016;Neu;110;Schaltgetriebe;Diesel;Schwarz
5,4;Volkswagen;125;2;6;10480;5;5;148500;01.09.2016;Neu;92;Schaltgetriebe;Benzin;Schwarz
6,1;Kia;159;3;5;13999;7;5;150600;01.09.2014;12/2023;100;Automatik;Diesel;Schwarz
5,5;Volvo;127;2;6;13600;5;5;73548;01.07.2015;07/2025;90;Schaltgetriebe;Benzin;Schwarz
6,4;Opel;148;1;6;13990;5;5;92000;01.11.2017;Neu;112;Automatik;Benzin;Grau
8,4;Volkswagen;223;1;5;10990;3;4;231177;01.03.2013;Neu;120;Schaltgetriebe;Diesel;Weiß
6,2;Citroen;147;2;5;5600;5;4;139000;01.09.2012;09/2023;88;Schaltgetriebe;Benzin;Grau
4,3;Peugeot;114;1;6;14890;5;5;80948;01.01.2016;02/2025;88;Schaltgetriebe;Diesel;Grau
7,2;Volkswagen;168;2;5;14990;5;5;85434;01.03.2013;06/2024;103;Schaltgetriebe;Benzin;Blau
6,2;Skoda;147;1;6;13950;5;5;199960;01.10.2016;09/2023;162;Automatik;Benzin;Schwarz
6,4;Volkswagen;149;2;6;14930;5;5;84884;01.03.2016;Neu;92;Schaltgetriebe;Benzin;Blau
6,4;AlfaRomeo;134;2;5;13990;5;5;75600;01.01.2013;Neu;125;Automatik;Benzin;Weiß
6,2;Opel;144;1;6;10990;5;5;108000;01.12.2016;Neu;103;Automatik;Benzin;Grau
4,8;Ford;110;2;6;13450;5;5;86064;01.12.2017;07/2025;103;Schaltgetriebe;Benzin;Schwarz
5,9;Opel;140;2;5;10990;5;5;94690;01.10.2014;Neu;125;Schaltgetriebe;Benzin;Braun
5,4;BMW;125;2;6;9980;5;4;99800;01.12.2013;Neu;100;Schaltgetriebe;Benzin;Grau
6,3;Opel;149;1;5;12870;5;5;66731;01.06.2016;Neu;103;Schaltgetriebe;Benzin;Schwarz
5;Volkswagen;116;1;6;14990;5;5;60300;01.08.2016;Neu;81;Automatik;Benzin;Gold
6,8;Opel;161;2;6;14999;5;5;47000;01.11.2015;Neu;125;Automatik;Benzin;Schwarz
5,4;Ford;125;1;6;9275;5;5;126501;01.08.2016;Neu;92;Schaltgetriebe;Benzin;Grau
5,2;Opel;120;2;6d-TEMP;14990;5;5;41601;01.10.2018;Neu;96;Schaltgetriebe;Benzin;Weiß
5,2;Kia;120;1;6d-TEMP;13990;5;4;34063;01.07.2020;Neu;74;Schaltgetriebe;Benzin;Grau
6,1;Ford;140;2;6;14950;5;5;43200;01.05.2018;04/2025;110;Automatik;Benzin;Grau
4,4;Renault;115;1;6;13399;5;4;175822;01.03.2018;Neu;96;Automatik;Diesel;Blau
5,2;Kia;120;1;6d-TEMP;14990;5;4;13800;01.07.2020;Neu;74;Schaltgetriebe;Benzin;Blau
4,8;Volkswagen;110;2;6d-TEMP;14687;4;5;50585;01.11.2020;Neu;85;Schaltgetriebe;Benzin;Silber
4;SEAT;106;1;6;14960;5;5;74382;01.07.2019;Neu;85;Automatik;Diesel;Schwarz
5,2;Kia;120;1;6d-TEMP;13990;5;4;34431;01.07.2020;Neu;74;Schaltgetriebe;Benzin;Grau
5,2;Kia;120;1;6d-TEMP;12990;5;4;61894;01.10.2020;Neu;74;Schaltgetriebe;Benzin;Blau
4,6;Volkswagen;106;1;6d-TEMP;13350;5;4;32580;01.07.2020;Neu;59;Schaltgetriebe;Benzin;Rot
5,2;Kia;120;1;6d-TEMP;13990;5;4;30902;01.07.2020;Neu;74;Schaltgetriebe;Benzin;Schwarz
5,5;Kia;129;1;6d-TEMP;11890;5;4;56313;01.12.2018;Neu;88;Schaltgetriebe;Benzin;Gelb
3,7;Renault;95;1;6;12990;5;5;58760;01.08.2018;Neu;81;Schaltgetriebe;Diesel;Grau
3,9;Audi;102;2;6;13970;5;5;102682;01.02.2018;Neu;66;Schaltgetriebe;Diesel;Silber
6,6;Opel;150;1;6d-TEMP;14970;5;5;75087;01.07.2018;Neu;103;Schaltgetriebe;Benzin;Weiß
5,2;Kia;120;1;6d-TEMP;14990;5;4;23086;01.07.2020;Neu;74;Schaltgetriebe;Benzin;Schwarz
5,2;Hyundai;118;1;6d-TEMP;13990;5;5;60800;01.05.2019;Neu;74;Automatik;Benzin;Blau
3,8;Ford;98;1;6;12870;5;4;49605;01.11.2018;Neu;88;Schaltgetriebe;Diesel;Schwarz
5,1;Mazda;119;2;6;13990;5;5;109350;01.01.2018;02/2025;88;Schaltgetriebe;Benzin;Grau
4,3;Ford;98;2;6;12590;5;5;83000;01.02.2018;02/2025;92;Schaltgetriebe;Benzin;Schwarz
5,2;Kia;120;1;6d-TEMP;14440;5;4;14489;01.07.2020;07/2025;74;Schaltgetriebe;Benzin;Rot
3,6;SEAT;96;1;6d-TEMP;14900;5;5;60399;01.01.2020;Neu;96;Automatik;Gas;Grau
5,2;Kia;120;1;6d-TEMP;13990;5;4;36564;01.07.2020;Neu;74;Schaltgetriebe;Benzin;Schwarz
5,1;Volkswagen;116;1;6d-TEMP;14990;5;4;91446;01.03.2020;Neu;70;Schaltgetriebe;Benzin;Silber
4,9;SEAT;112;1;6;14460;5;5;62869;01.10.2018;Neu;85;Automatik;Benzin;Silber
4,3;Ford;98;2;6;14890;5;5;47570;01.04.2018;Neu;92;Schaltgetriebe;Benzin;Grau
3,3;Skoda;92;1;6;14890;5;5;37604;01.02.2021;Neu;66;Schaltgetriebe;Benzin;Weiß
4,3;Citroen;98;1;6;11980;5;5;26153;01.08.2019;Neu;61;Schaltgetriebe;Benzin;Weiß
4,2;Opel;96;2;6d;14800;5;4;31321;01.05.2020;Neu;74;Schaltgetriebe;Benzin;Blau
5,7;Ford;129;1;6;11980;5;5;98848;01.12.2018;04/2025;92;Schaltgetriebe;Benzin;Schwarz
4,9;Skoda;130;2;6;14490;5;5;163002;01.02.2018;Neu;110;Automatik;Diesel;Blau
5,2;Kia;120;1;6d;14490;5;4;26978;01.07.2020;Neu;74;Schaltgetriebe;Benzin;Rot
4,8;Volkswagen;108;1;6;13660;5;5;33660;01.04.2019;Neu;48;Schaltgetriebe;Benzin;Weiß
5,2;Kia;120;1;6d-TEMP;14220;5;4;29068;01.08.2020;08/2025;74;Schaltgetriebe;Benzin;Schwarz
4,4;SEAT;115;1;6c;13960;5;5;103000;01.08.2018;Neu;70;Automatik;Diesel;Schwarz
5,2;Kia;120;1;6d-TEMP;12990;5;4;65657;01.07.2020;Neu;74;Schaltgetriebe;Benzin;Grau
5,3;Ford;119;1;6;14450;5;5;30820;01.09.2019;Neu;92;Schaltgetriebe;Benzin;Weiß
5,7;Citroen;131;1;6d-TEMP;14990;5;5;45035;01.11.2018;Neu;81;Automatik;Benzin;Silber
5,2;Kia;120;1;6d-TEMP;14990;4;4;15313;01.07.2020;Neu;74;Schaltgetriebe;Benzin;Grau
5,3;BMW;123;1;6;14440;5;4;57522;01.03.2018;Neu;80;Schaltgetriebe;Benzin;Rot
5,3;Ford;120;1;6d-TEMP;14470;5;4;54607;01.01.2019;05/2025;74;Schaltgetriebe;Benzin;Schwarz
5,2;Kia;120;1;6d-TEMP;14220;5;4;22910;01.07.2020;07/2025;74;Schaltgetriebe;Benzin;Schwarz
5,2;Kia;120;1;6;13990;5;4;37682;01.07.2020;Neu;74;Schaltgetriebe;Benzin;Schwarz
6,2;Hyundai;143;1;6;14470;5;4;47318;01.01.2020;Neu;73;Schaltgetriebe;Benzin;Weiß
4,7;Volkswagen;108;1;6;12490;5;5;39522;01.05.2018;Neu;48;Schaltgetriebe;Benzin;Schwarz
5,2;Kia;120;1;6d-TEMP;13980;5;4;39972;01.07.2020;07/2025;74;Schaltgetriebe;Benzin;Grau
5,2;Kia;120;1;6;13990;5;4;34446;01.07.2020;07/2025;74;Schaltgetriebe;Benzin;Blau
5,2;Kia;120;1;6;14490;5;4;28132;01.07.2020;Neu;74;Schaltgetriebe;Benzin;Schwarz
4,3;Opel;98;1;6d;13430;5;5;38741;01.12.2020;Neu;74;Schaltgetriebe;Benzin;Schwarz
3,7;Peugeot;97;1;6;11308;5;4;142114;01.01.2020;Neu;96;Schaltgetriebe;Diesel;Schwarz
3,5;SEAT;95;1;6d-TEMP;13880;5;5;42440;01.04.2021;Neu;66;Schaltgetriebe;Gas;Weiß
5,2;Kia;118;1;6;12600;5;5;13940;01.11.2021;11/2024;62;Schaltgetriebe;Benzin;Schwarz
4,6;Mitsubishi;105;1;6c;7290;5;4;57300;01.08.2018;Neu;52;Schaltgetriebe;Benzin;Weiß
5,6;SEAT;100;1;6d-TEMP;14750;5;5;52239;01.07.2019;Neu;96;Schaltgetriebe;Gas;Weiß
5,5;Hyundai;126;1;6d-TEMP;13990;5;5;88898;01.05.2019;Neu;88;Schaltgetriebe;Benzin;Grau
4,1;Peugeot;94;1;6;14500;5;5;6336;01.10.2021;10/2023;55;Schaltgetriebe;Benzin;Grau
4,2;Skoda;110;1;6d-TEMP;14890;5;4;167100;01.07.2019;Neu;110;Automatik;Diesel;Grau
4,9;Renault;129;1;6d-TEMP;14990;5;4;97568;01.03.2019;Neu;88;Schaltgetriebe;Diesel;Grau
3,9;Audi;102;1;6;13890;5;5;126950;01.03.2018;01/2025;66;Schaltgetriebe;Diesel;Weiß
5;SEAT;115;1;6d-TEMP;13900;5;5;38543;01.08.2019;Neu;70;Schaltgetriebe;Benzin;Blau
5,2;Kia;120;2;6d-TEMP;14220;5;4;23509;01.07.2020;07/2025;74;Schaltgetriebe;Benzin;Grau
3,7;SEAT;115;1;6;13490;5;5;83719;01.06.2019;06/2024;96;Schaltgetriebe;Gas;Grau
4,7;Opel;106;2;6;10790;5;4;40091;01.04.2018;05/2025;55;Schaltgetriebe;Benzin;Schwarz
4,1;Opel;93;1;6d-TEMP;14900;5;4;19040;01.10.2021;10/2024;55;Schaltgetriebe;Benzin;Orange
5,2;Fiat;120;3;6c;12970;4;2;74841;01.10.2018;09/2025;51;Automatik;Benzin;Schwarz
5,2;Kia;120;1;6;13990;5;4;37241;01.07.2020;07/2025;74;Schaltgetriebe;Benzin;Grau
6,1;Opel;140;2;6;13790;5;3;31615;01.08.2019;Neu;110;Schaltgetriebe;Benzin;Weiß
5,2;Kia;120;1;6d-TEMP;14220;5;4;29700;01.07.2020;08/2025;74;Schaltgetriebe;Benzin;Schwarz
5,8;Hyundai;132;1;6d-TEMP;13220;5;4;17245;01.06.2020;Neu;62;Schaltgetriebe;Benzin;Blau
5,2;Kia;120;1;6;13990;5;4;32150;01.07.2020;Neu;74;Schaltgetriebe;Benzin;Grau
5,9;Renault;127;2;6;14888;5;5;45200;01.05.2018;Neu;96;Schaltgetriebe;Benzin;Grau
5,5;Renault;134;1;6;14890;5;5;95012;01.01.2018;02/2025;96;Automatik;Benzin;Schwarz
5,4;Volkswagen;127;1;6;14490;5;5;49987;01.08.2019;Neu;96;Schaltgetriebe;Gas;Rot
5,6;Hyundai;130;3;6;12990;5;5;68550;01.02.2018;03/2024;66;Schaltgetriebe;Benzin;Blau
4,9;Volkswagen;111;1;6;13990;5;4;93951;01.07.2018;Neu;81;Automatik;Benzin;Weiß
4,7;BMW;161;2;6d-TEMP;13980;5;4;228900;01.01.2019;Neu;110;Automatik;Diesel;Schwarz
4,6;Kia;107;2;6;11980;5;5;91613;01.10.2019;10/2024;74;Schaltgetriebe;Benzin;Weiß
5,8;Hyundai;132;1;6d-TEMP;13450;5;5;68050;01.03.2020;03/2025;62;Schaltgetriebe;Benzin;Weiß
5,2;Kia;120;1;6d;13990;5;4;38709;01.07.2020;Neu;74;Schaltgetriebe;Benzin;Grau
4,8;Renault;127;1;6c;12990;7;4;251072;01.06.2019;Neu;88;Schaltgetriebe;Diesel;Weiß
4,1;Opel;93;1;6d;11990;5;5;52138;01.11.2020;Neu;55;Schaltgetriebe;Benzin;Weiß
4,9;SEAT;111;2;6;13990;5;5;52712;01.12.2018;12/2023;70;Schaltgetriebe;Benzin;Blau
5,2;Citroen;117;2;6;12650;5;5;77290;01.11.2018;Neu;96;Schaltgetriebe;Benzin;Grau
5,2;Kia;120;1;6;13990;5;4;36149;01.07.2020;Neu;74;Schaltgetriebe;Benzin;Schwarz
4,2;Kia;95;1;6d;13480;4;4;10;01.05.2023;05/2026;49;Schaltgetriebe;Benzin;Grau
3,5;SEAT;98;1;6;13980;5;5;14324;01.10.2019;Neu;66;Schaltgetriebe;Gas;Schwarz
5,9;Opel;133;2;6d-TEMP;13980;5;5;69000;01.05.2019;Neu;92;Schaltgetriebe;Benzin;Schwarz
5;Nissan;119;3;6;14890;5;5;69944;01.04.2018;Neu;85;Automatik;Benzin;Grau
4,4;Skoda;144;1;6;14800;5;5;199183;01.05.2019;09/2024;110;Schaltgetriebe;Diesel;Schwarz
4,2;Citroen;97;1;6d;11990;5;5;64794;01.07.2020;Neu;60;Schaltgetriebe;Benzin;Grün
5,2;Kia;120;1;6d-TEMP;14490;4;4;29114;01.07.2020;Neu;74;Schaltgetriebe;Benzin;Grau
3,2;Opel;85;2;6d-TEMP;14265;5;5;68497;01.03.2020;Neu;75;Schaltgetriebe;Diesel;Schwarz
5,5;Opel;126;2;6d-TEMP;11750;5;5;38400;01.06.2019;08/2024;66;Schaltgetriebe;Benzin;Weiß
5,2;Kia;120;1;6d-TEMP;13490;5;4;52684;01.07.2020;Neu;74;Schaltgetriebe;Benzin;Grau
4,1;Volkswagen;131;1;6;14990;5;5;71694;01.06.2019;06/2024;85;Schaltgetriebe;Diesel;Weiß
5,4;Opel;128;2;6d;14790;5;4;53000;01.06.2019;Neu;92;Schaltgetriebe;Benzin;Blau
4,8;Volkswagen;109;1;6;12990;5;4;125027;01.07.2018;Neu;81;Schaltgetriebe;Benzin;Schwarz
6,2;Opel;143;2;6d-TEMP;12970;5;4;9589;01.07.2019;Neu;66;Automatik;Benzin;Schwarz
4,6;Volkswagen;119;2;6;7990;5;4;255000;01.05.2018;05/2024;55;Schaltgetriebe;Diesel;Beige
4,7;SEAT;106;1;6;9277;5;5;104513;01.08.2019;03/2025;70;Schaltgetriebe;Benzin;Schwarz
5,1;Volkswagen;116;1;6d-TEMP;14930;5;4;101153;01.11.2019;11/2024;70;Schaltgetriebe;Benzin;Schwarz
6,7;Toyota;155;2;6;13970;5;5;26550;01.02.2021;Neu;82;Schaltgetriebe;Benzin;Rot
4,7;Opel;138;2;6d-TEMP;13480;5;5;49900;01.03.2019;03/2024;81;Schaltgetriebe;Benzin;Schwarz
4,1;Opel;93;1;6d;12990;5;5;78000;01.08.2020;Neu;55;Schaltgetriebe;Benzin;Grau
4,6;Mitsubishi;106;1;6d-TEMP;14990;5;5;4500;01.06.2023;06/2026;52;Automatik;Benzin;Blau
4,8;Opel;113;1;6d-TEMP;11490;5;5;69368;01.08.2018;Neu;85;Schaltgetriebe;Benzin;Schwarz
4,7;Ford;107;1;6d-TEMP;11310;5;5;23100;01.04.2019;Neu;52;Schaltgetriebe;Benzin;Rot
4,7;Volkswagen;106;1;6d-TEMP;13985;5;4;16885;01.06.2020;Neu;59;Schaltgetriebe;Benzin;Rot
4,8;SEAT;109;1;6d-TEMP;13490;5;5;39090;01.02.2020;Neu;59;Schaltgetriebe;Benzin;Weiß
4,6;Skoda;106;2;6d-TEMP;14950;5;5;89980;01.11.2018;03/2024;81;Schaltgetriebe;Benzin;Blau
5,4;Opel;128;2;6d;14790;5;5;53000;01.06.2019;Neu;92;Schaltgetriebe;Benzin;Blau
4,9;Opel;110;2;6d-TEMP;9999;5;4;22000;01.07.2018;Neu;54;Schaltgetriebe;Benzin;Schwarz
5,3;Opel;126;3;6;8750;4;3;67990;01.06.2017;Neu;51;Schaltgetriebe;Benzin;Grau
8,6;SEAT;204;1;3;5990;5;4;108233;01.04.2002;Neu;132;Schaltgetriebe;Benzin;Blau
9;BMW;213;2;4;14950;5;4;68000;01.10.2002;08/2024;125;Schaltgetriebe;Benzin;Blau
8,1;Mazda;211;2;3;11850;2;2;78207;01.06.2004;Neu;81;Schaltgetriebe;Benzin;Schwarz
9,9;Porsche;245;2;3;14990;2;2;123000;01.06.2002;Neu;155;Automatik;Benzin;Grau
6;Audi;142;2;4;4990;5;4;149986;01.04.2003;Neu;55;Schaltgetriebe;Benzin;Blau
9;BMW;219;2;4;13950;5;4;55000;01.07.2003;Neu;125;Schaltgetriebe;Benzin;Silber
8,9;Toyota;213;1;4;11990;7;4;54263;01.06.2004;Neu;110;Automatik;Benzin;Silber
9,8;BMW;237;2;4;13950;5;4;51115;01.03.2004;Neu;125;Automatik;Benzin;Grau
